"id","userId","searchDate","networkCount","reason","caseNumber","offenseType"
"35f0350f-4807-4669-bad0-ea864681d791","***","2026-08-25T00:07:00.740Z","5940","suspect","","Assault/Battery Offenses"
"3d233f52-a49f-431a-99ff-7815b3dd43b8","***","2026-08-25T12:10:52.215Z","456","","","Traffic Infraction"
"85c16007-7b6a-4599-8948-e7eec708efef","***","2026-08-25T12:35:21.954Z","5939","","","Wanted Person (Arrest Warrant/Fugitive)"
"23d7a013-eb5f-450f-b64c-dcf9c661c5e3","***","2026-08-25T14:15:32.688Z","456","drug investigation","","Drugs/Narcotics"
"5c4fa50f-53fd-40d0-b4d5-d609c872fcf4","***","2026-08-25T14:42:17.194Z","445","","","Wanted Person (Arrest Warrant/Fugitive)"
"473ab0b7-b01f-4e25-a9e3-17031fb9c32b","***","2026-08-25T14:43:11.071Z","5941","","","Wanted Person (Arrest Warrant/Fugitive)"
"a6fc7de0-68bf-4538-b27a-c00154b9d4c0","***","2026-08-25T17:42:25.966Z","445","","","Wanted Person (Arrest Warrant/Fugitive)"
"f3f54e4d-a19c-4fba-bd55-a6303d5bcbca","***","2026-08-25T20:59:55.453Z","2","","","Hit and Run/Car Accident"
"9a7ebfc8-60c0-4780-a8cc-2bc6359f031d","***","2026-08-25T21:00:08.708Z","2","","","Hit and Run/Car Accident"
"67fbb253-dde8-4676-ac06-6709c42753e5","***","2026-08-25T22:07:05.291Z","445","","","Larceny/Theft Offenses"
"36a35864-831b-46b0-b322-2c3587537105","***","2026-08-25T23:00:27.195Z","445","","","Larceny/Theft Offenses"
"60203158-9272-4517-98ee-9ca2066569e7","***","2026-08-26T05:10:08.687Z","456","","","Wanted Person (Arrest Warrant/Fugitive)"
"85e24ed5-c1d2-40c2-9142-bc4a62d9e639","***","2026-08-26T11:15:22.215Z","456","Test of system","","City Planning/Traffic Analysis"
"095e9c07-d16d-4257-b2d6-72816dd48570","***","2026-08-26T11:15:35.993Z","456","","","City Planning/Traffic Analysis"
"ed190cf5-0ea6-4716-af4b-a0d4b1f633c6","***","2026-08-26T11:24:49.490Z","445","","","Wanted Person (Arrest Warrant/Fugitive)"
"7a581132-6236-45b3-abc9-fc3b6f4387cc","***","2026-08-26T15:23:27.583Z","2","","","Drugs/Narcotics"
"649a0d09-b31e-4bca-8288-b1ed1976d6e5","***","2026-08-26T18:06:59.333Z","456","","","Burglary/Breaking & Entering"
"18cff170-1b00-4de5-be97-10a7b7bf8944","***","2026-08-26T18:09:43.120Z","1","","","Drugs/Narcotics"
"cb0133be-425b-4910-9784-b45df02b234e","***","2026-08-26T18:26:29.376Z","456","","","Wanted Person (Arrest Warrant/Fugitive)"
"02ad6f90-836d-465d-be75-b1afe7b6c838","***","2026-08-26T18:30:58.780Z","456","drug investigation","","Drugs/Narcotics"
"47a82f36-80b6-4f1f-87ff-574fa13d9902","***","2026-08-26T23:21:48.074Z","455","","","Wanted Person (Arrest Warrant/Fugitive)"
"bc2760f0-e6b1-445a-bfba-74a1b2a8ed60","***","2026-08-27T04:48:30.785Z","444","","","Wanted Person (Arrest Warrant/Fugitive)"
"8cf864d6-7418-4eda-bceb-e6acbeb84837","***","2026-08-27T11:50:08.442Z","454","","","Hit and Run/Car Accident"
"85164d03-7981-4040-8fab-9524ae07e62c","***","2026-08-27T13:42:58.672Z","455","wanted","","Wanted Person (Arrest Warrant/Fugitive)"
"265e3505-8abe-4a6b-adc6-66751bc040d5","***","2026-08-27T15:37:43.930Z","2","","","Driving Under the Influence (DUI/DWI/OWI/OVI)"
"c4575c42-36ec-4a6d-9115-391399c714f9","***","2026-08-27T16:02:27.714Z","454","Suspect vehicle","26-008570","Hit and Run/Car Accident"
"c9259991-3b68-495e-bb19-fb0b4d084a50","***","2026-08-27T17:04:12.872Z","1","","","Drugs/Narcotics"
"339b3ced-8d1f-482d-9a39-f4acff21e0b4","***","2026-08-27T18:38:53.874Z","1","","","Drugs/Narcotics"
"99d3c1c4-5a85-479c-b893-ebed1efd0e06","***","2026-08-27T19:55:37.478Z","455","","","Drugs/Narcotics"
"f8c07357-3f3f-4096-931b-82a8ae80c895","***","2026-08-27T20:06:53.464Z","2","","","Drugs/Narcotics"
"66969224-0ebc-418e-be6e-14625d24c7ee","***","2026-08-27T20:52:04.366Z","455","drug investigation","","Drugs/Narcotics"
"295b4d23-f76b-437a-8449-37b42be5dfa8","***","2026-08-27T21:42:01.424Z","2","26-008496","","Hit and Run/Car Accident"
"09dd5e95-9f4a-42b6-993d-4dc3e8d452bd","***","2026-08-27T22:18:25.590Z","454","","","Driving Under the Influence (DUI/DWI/OWI/OVI)"
"8c066441-9e09-4df0-811f-99a15f5fdfa7","***","2026-08-28T00:30:20.041Z","2","","","Larceny/Theft Offenses"
"6accba44-7641-427e-ac21-26f31f9cc724","***","2026-08-28T00:41:39.330Z","455","","","Drugs/Narcotics"
"128d0195-1dc1-481f-a688-3a9ea6e7794b","***","2026-08-28T01:00:06.136Z","455","","","Drugs/Narcotics"
"4c07f0fa-f992-4949-aced-d03a1f48e222","***","2026-08-28T07:16:09.168Z","443","","","Alcohol Offenses (Non-DUI)"
"dea46df7-97f6-409e-94ed-bd4f97fdb556","***","2026-08-28T08:32:20.556Z","454","","","Criminal Motor Vehicle Offense (incl. Road Rage/Reckless)"
"f7a86c7c-e663-4f63-a074-0271e63ab96a","***","2026-08-28T09:20:02.199Z","443","","","Alcohol Offenses (Non-DUI)"
"47a8cd31-bd03-4cd8-bd8b-f3d9a570454b","***","2026-08-28T11:57:57.546Z","454","","","Traffic Infraction"
"fe38a1e5-26c9-4eb5-9310-44c3c0dbfb93","***","2026-08-28T12:34:39.096Z","454","Locate victims time of collision","26-008406","Hit and Run/Car Accident"
"9b7252e2-646b-44a9-b517-a5ba32b93e01","***","2026-08-28T13:19:07.963Z","2","","","Drugs/Narcotics"
"9cab4656-a28a-41ef-86bb-0bd47c41f055","***","2026-08-28T13:43:24.595Z","455","drug investigation","","Drugs/Narcotics"
"0048c17e-df82-42af-880a-e189bc6be9c4","***","2026-08-28T14:24:14.121Z","455","","","Drugs/Narcotics"
"c7378f38-83d4-4ec5-99f2-d07af7ae0b91","***","2026-08-28T17:25:24.152Z","1","drug investigation","","Drugs/Narcotics"
"d7669b57-f216-4186-9d77-97e9e6528257","***","2026-08-28T19:15:22.379Z","444","Drugs","","Drugs/Narcotics"
"89cf4d86-aeda-4550-b7b1-6e296d2e2f12","***","2026-08-28T20:10:59.764Z","2","suspect","26-007440","Robbery"
"0c1e3bdc-02b6-4762-8e34-bc784f4f7f12","***","2026-08-28T20:32:09.217Z","455","","","Drugs/Narcotics"
"b84f2245-a5de-4442-89c9-12ebeed6053d","***","2026-08-28T22:49:24.839Z","455","","","Motor Vehicle Theft/Stolen"
"76be6260-9a3d-4989-af90-d38aaa1ae2ff","***","2026-08-29T01:28:18.671Z","2","","","Larceny/Theft Offenses"
"26eab1e0-6245-4b77-a555-9fde18f6fd68","***","2026-08-29T08:06:30.003Z","443","","","Alcohol Offenses (Non-DUI)"
"ff1d874f-c829-40cf-b3ea-d0ace75c984a","***","2026-08-29T09:42:41.325Z","443","","","Arson"
"a1b3afd9-5754-4218-9064-ae9f48a9541e","***","2026-08-29T15:11:31.858Z","443","na","","Traffic Infraction"
"7a0c6f43-0a51-4801-aa74-5aeca3f29953","***","2026-08-29T15:51:08.719Z","455","stolen vehicle","26-009121","Stolen Property Offenses"
"28e584da-34ed-45a0-be45-97567b78a3a8","***","2026-08-29T22:57:00.415Z","2","hit and run","","Hit and Run/Car Accident"
"8b77a677-2810-48e0-bf3e-dde60c54758b","***","2026-08-29T23:00:40.439Z","443","","","Assault/Battery Offenses"
"8dca5e19-de74-479f-893a-40ff83853780","***","2026-08-29T23:57:06.340Z","444","","","Drugs/Narcotics"
"30615336-a141-46ca-bb5f-e798af5f45af","***","2026-08-30T02:29:13.487Z","455","","","Wanted Person (Arrest Warrant/Fugitive)"
"8c4a9447-dfe6-40c8-8d51-44b0c2c2f03a","***","2026-08-30T17:14:17.891Z","453","looking for a yellow mustang that caused damage to parked vehicles","","Criminal Motor Vehicle Offense (incl. Road Rage/Reckless)"
"f62f5213-756d-40c7-acac-65247330fe85","***","2026-08-30T22:46:22.635Z","453","investigation","26-008235","Financial Crime (Embezzlement/Fraud)"
"691e6cee-7b77-4f75-bf05-a5efa100395e","***","2026-08-31T00:35:11.995Z","78","","","Traffic Infraction"
"5d55c0f0-a703-4644-b905-e978d6b77559","***","2026-08-31T11:08:32.708Z","453","","","Wanted Person (Arrest Warrant/Fugitive)"
"c5e546ef-8a0e-4538-855d-11d1d5cc6b6f","***","2026-08-31T15:58:44.877Z","2","criminal mischief","","Destruction/Damage/Vandalism of Property"
"6e42519c-6f88-4eed-ac5b-52fb0ba2ec88","***","2026-08-31T16:00:10.218Z","452","","","Traffic Infraction"
"b37700e7-74f0-4919-95c3-46ca8d9dd00b","***","2026-08-31T16:00:42.784Z","2","criminal mischief","","Destruction/Damage/Vandalism of Property"
"8660945d-1280-4036-a8a1-f4885c42bb9a","***","2026-08-31T18:15:08.970Z","2","","","Drugs/Narcotics"
"4a53dc8d-498a-4271-96dc-319aa93dc443","***","2026-08-31T18:36:42.451Z","440","","","Wanted Person (Arrest Warrant/Fugitive)"
"b6d51806-790c-42e5-9498-f3dc85b36fa5","***","2026-08-31T18:43:43.740Z","451","","","Wanted Person (Arrest Warrant/Fugitive)"
"02003ee7-bbca-4c9e-9039-a91414ebce73","***","2026-08-31T19:44:43.932Z","2","criminal mischief","","Destruction/Damage/Vandalism of Property"
"e9e8f85a-9c89-4132-92d2-4c1e0b8145fd","***","2026-08-31T20:06:03.504Z","450","Vehicle used in commission of crime","26-008991","Sex Offenses"
"5e69b9f2-7e96-4482-9a40-757b803ff5f5","***","2026-08-31T20:43:26.845Z","450","","","Traffic Infraction"
"2edb2137-7c80-4182-91eb-206ff6e958e0","***","2026-09-01T00:39:41.531Z","5878","","","Stolen Property Offenses"
"e2034b29-3d02-44ca-8eb8-4271c53d65c5","***","2026-09-01T00:48:11.253Z","450","","","Stolen Property Offenses"
"8c4053d1-c9ff-48ff-8977-b2c922101e10","***","2026-09-01T01:18:48.431Z","450","","","Wanted Person (Arrest Warrant/Fugitive)"
"7909b655-fce8-43e5-8ef6-7edd9f60519f","***","2026-09-01T01:26:44.743Z","2","","","Destruction/Damage/Vandalism of Property"
"a3ae1dc2-c422-4e81-a988-ab117594fd8c","***","2026-09-01T01:56:49.161Z","439","","","Stolen Property Offenses"
"4a0815de-760c-4f23-9eab-b1c0e5be681a","***","2026-09-01T03:08:48.047Z","5878","","","Stolen Property Offenses"
"02cc5dce-a265-42d2-8e8b-956e547ae8c5","***","2026-09-01T06:28:28.950Z","438","","","City Planning/Traffic Analysis"
"b26d9748-4db7-4214-ae1c-ba4ff36b3d03","***","2026-09-01T08:33:22.685Z","449","","","Arson"
"1b2c200b-24ca-4a6c-a1d3-2bd335827c73","***","2026-09-01T12:49:08.331Z","5877","","","Stolen Property Offenses"
"6f9d4b87-80d2-43d0-aeb2-de56282412a6","***","2026-09-01T13:41:35.803Z","5876","","","Stolen Property Offenses"
"37a44fcf-71fa-4264-a1a8-1d55b54c2dfc","***","2026-09-01T13:47:11.810Z","1","","","Drugs/Narcotics"
"b56cbdcf-d644-48ba-9148-e436d4f46644","***","2026-09-01T15:21:28.583Z","447","drug investigation","","Drugs/Narcotics"
"d48065f0-7999-4f39-9ea7-2135c96b4528","***","2026-09-01T16:09:07.182Z","5897","","","Stolen Property Offenses"
"0a13012e-52b7-4a38-acd6-d1909da16129","***","2026-09-01T17:39:17.859Z","446","Poss stolen","","Stolen Property Offenses"
"ffc9a42f-a27e-4f01-97c9-42651f7422d9","***","2026-09-01T17:39:20.236Z","2","","","Destruction/Damage/Vandalism of Property"
"4b881b3c-0245-4e6e-9df5-cde8ebb20380","***","2026-09-01T17:52:46.124Z","445","victim","26-008929","Financial Crime (Embezzlement/Fraud)"
"160989ff-77e7-4710-978e-c35640b7d9ed","***","2026-09-01T18:39:52.553Z","444","suspect","25-011541","Larceny/Theft Offenses"
"baa8acd1-6e66-4108-8f02-0517d192189c","***","2026-09-01T19:00:32.351Z","444","suspect","25-011541","Larceny/Theft Offenses"
"6d1b3c4f-12c6-465b-b8cc-a5ea412d7181","***","2026-09-01T19:27:13.137Z","2","","","Drugs/Narcotics"
"2efd557b-427e-4fe8-a1e9-f7a1264e4d80","***","2026-09-01T20:08:21.763Z","443","","","Drugs/Narcotics"
"d9b5300f-3eaa-4431-9343-4bec95b01c65","***","2026-09-02T03:46:00.472Z","2","","","Hit and Run/Car Accident"
"10ae34cb-5596-4f83-8331-59df17d77f0e","***","2026-09-02T03:47:20.024Z","441","","","Hit and Run/Car Accident"
"b7641920-a26b-483e-a918-4fe15bf52a5c","***","2026-09-02T08:25:41.757Z","442","Stolen motorcycle","26-009268","Stolen Property Offenses"
"eba92961-2709-4c10-a861-1b78670f3ae5","***","2026-09-02T13:34:42.798Z","5849","","","Wanted Person (Arrest Warrant/Fugitive)"
"b482624b-a894-4863-9c51-4370e7a56c5f","***","2026-09-02T13:37:44.442Z","441","WANTED","","Wanted Person (Arrest Warrant/Fugitive)"
"9d34047e-a15c-4f19-8a80-09193a0024a1","***","2026-09-02T13:57:41.809Z","430","","","Wanted Person (Arrest Warrant/Fugitive)"
"01a1b008-e77f-4f9b-abde-89add1545379","***","2026-09-02T14:03:27.287Z","441","","","Wanted Person (Arrest Warrant/Fugitive)"
"71ab9b0a-0b35-47f4-bab0-ea964e0e3588","***","2026-09-02T15:51:32.060Z","79","","","Wanted Person (Arrest Warrant/Fugitive)"
"3723d1b9-6a44-410a-b976-3272ef53ea2d","***","2026-09-02T16:13:28.340Z","441","","","Wanted Person (Arrest Warrant/Fugitive)"
"f1653872-eb56-4133-88d6-08a3022b7fd6","***","2026-09-02T17:06:49.532Z","441","","","Wanted Person (Arrest Warrant/Fugitive)"
"11f49965-93fa-488a-8b9d-245b58036fb1","***","2026-09-02T18:06:33.447Z","2","","","Drugs/Narcotics"
"f8573057-61e5-42b6-b2ff-de6645dc9da5","***","2026-09-02T18:12:39.699Z","441","","","Wanted Person (Arrest Warrant/Fugitive)"
"10a8ea3d-aa6b-4b60-afae-a7fe30509f6d","***","2026-09-02T18:58:06.037Z","2","suspect","26-008929","Financial Crime (Embezzlement/Fraud)"
"c9603b1c-ea05-43a0-a986-b283fb47baf6","***","2026-09-02T19:23:30.108Z","1","suspect","26-008929","Financial Crime (Embezzlement/Fraud)"
"78dac09b-9ce4-46cb-b990-c0f3f52a3c17","***","2026-09-02T19:26:41.087Z","441","","","Wanted Person (Arrest Warrant/Fugitive)"
"70a3182a-000f-4ad6-842b-868f9726c08c","***","2026-09-02T19:51:12.115Z","2","Suspect Vehicle Search","26-009306","Burglary/Breaking & Entering"
"2a690040-900d-4267-9dfe-ea42c080128c","***","2026-09-02T19:54:46.889Z","440","locate vehicle in a hit and run","26-009315","Alcohol Offenses (Non-DUI)"
"2aed198a-361e-434b-b05b-cc715a9f9c60","***","2026-09-02T20:00:00.396Z","2","Suspect Vehicle Search","26-009306","Burglary/Breaking & Entering"
"a8cde7cf-1974-48cf-8074-ce62b81fbc9c","***","2026-09-02T20:15:33.269Z","441","","","Wanted Person (Arrest Warrant/Fugitive)"
"9d1faf17-aa35-4c7d-82a7-764090b25ed4","***","2026-09-02T20:31:35.884Z","2","","","Stolen Property Offenses"
"2a201cfb-bca4-4a75-a77a-8e68418dca44","***","2026-09-02T21:23:33.838Z","438","","","Wanted Person (Arrest Warrant/Fugitive)"
"37b85e4f-dab1-496b-98bf-9786d542fc93","***","2026-09-02T21:25:39.095Z","2","","26-009322","Destruction/Damage/Vandalism of Property"
"28fdb88d-5de9-4d5f-a895-1ebbe2dcd336","***","2026-09-02T22:36:56.507Z","2","","","Larceny/Theft Offenses"
"c0db3db5-14a5-4af9-894c-358757f3c572","***","2026-09-02T22:58:56.798Z","5833","","","Stolen Property Offenses"
"a810a904-7878-451d-adf9-325cb7afb7d1","***","2026-09-02T23:00:11.106Z","79","","","Missing/Endangered Person/Runaway"
"f3019db8-ecf6-4c40-92cb-54f4a5ae39e6","***","2026-09-02T23:01:17.845Z","2","missing","26-009325","Missing/Endangered Person/Runaway"
"35fa8a1b-2668-4852-8d17-a392a6b016cf","***","2026-09-03T01:10:29.904Z","5836","investigation","26-009325","Missing/Endangered Person/Runaway"
"6b6002f2-55b4-4ed6-bbac-c998494b9eb2","***","2026-09-03T02:08:23.239Z","438","","","Missing/Endangered Person/Runaway"
"7bf362db-7b0f-4f9a-8f98-f00b993d6558","***","2026-09-03T02:21:13.699Z","437","Investigation of road rage","","Criminal Motor Vehicle Offense (incl. Road Rage/Reckless)"
"1143c1d0-5ea6-4c8b-9671-05de36fb1945","***","2026-09-03T04:57:54.065Z","427","","","Wanted Person (Arrest Warrant/Fugitive)"
"cc586130-6f24-4d88-864a-b2dfce0efd85","***","2026-09-03T05:26:38.144Z","438","","","Motor Vehicle Theft/Stolen"
"f25287ad-1f9d-42ae-9497-64cc8279c9ca","***","2026-09-03T05:41:11.637Z","427","","","Wanted Person (Arrest Warrant/Fugitive)"
"e574572b-886b-4b12-b2fc-e1bb980f5779","***","2026-09-03T13:12:45.408Z","2","Theft","","Burglary/Breaking & Entering"
"9f4f1a34-f922-4fdf-ae8e-d28a561173cc","***","2026-09-03T13:24:44.717Z","438","","","Wanted Person (Arrest Warrant/Fugitive)"
"986f05b5-a199-4793-95a5-55b115e0e414","***","2026-09-03T14:02:49.486Z","438","","","Drugs/Narcotics"
"f737625b-8caa-4a55-a1bb-7cfff459f153","***","2026-09-03T14:04:04.703Z","2","Suspect Vehicle Search.  Veh. Burg.  Stolen pistol","26-009306","Burglary/Breaking & Entering"
"6c8e1f8a-eba5-496e-a7ce-daf9d4314d81","***","2026-09-03T14:51:27.446Z","438","","","Drugs/Narcotics"
"67848bd7-3489-4a0c-b0b6-03ee2e90c9ee","***","2026-09-03T15:03:16.646Z","438","wanted","","Wanted Person (Arrest Warrant/Fugitive)"
"fb28ba6c-3494-436b-8235-49e5c2e622d0","***","2026-09-03T15:22:33.294Z","438","","","Wanted Person (Arrest Warrant/Fugitive)"
"4d284254-3b78-4b0f-93a5-ed1832348554","***","2026-09-03T15:23:12.942Z","438","","","Wanted Person (Arrest Warrant/Fugitive)"
"1a16a018-08ab-4f4a-989f-752519326b7a","***","2026-09-03T15:56:49.093Z","438","Possible suspect veh. in veh. burg and stolen handgun","26-009306","Burglary/Breaking & Entering"
"4c0d8785-c603-4e64-9d5f-fb826b9813a3","***","2026-09-03T16:02:37.065Z","438","Possible suspect veh. in veh. burg and stolen handgun","26-009306","Burglary/Breaking & Entering"
"50c17e0b-9897-4613-925c-f7fa10b7ef5e","***","2026-09-03T17:38:32.089Z","438","drugs","","Drugs/Narcotics"
"fc0e90ef-4e8d-423a-8a91-3f1b3c5cafcd","***","2026-09-03T18:09:18.676Z","5813","","","Wanted Person (Arrest Warrant/Fugitive)"
"5cd02dd1-1104-4220-9cca-bd7de6b3e59c","***","2026-09-03T18:55:28.627Z","2","","26-009306","Burglary/Breaking & Entering"
"4e46a45a-946b-4e49-a9e3-76d550772714","***","2026-09-03T19:09:54.924Z","2","","26-009306","Burglary/Breaking & Entering"
"eab58c38-854d-47b1-8281-a22efda8ddcc","***","2026-09-03T19:21:27.170Z","437","","","Drugs/Narcotics"
"0d92b418-242e-4fb0-93d8-110c83e0c511","***","2026-09-03T20:01:46.830Z","426","","","Wanted Person (Arrest Warrant/Fugitive)"
"117d0654-f094-4635-b3e7-78249b9df097","***","2026-09-03T21:01:39.121Z","5754","","","Wanted Person (Arrest Warrant/Fugitive)"
"e30cd3b3-04a9-420a-aaf3-7c34538bd66f","***","2026-09-03T22:03:54.690Z","5752","","","Wanted Person (Arrest Warrant/Fugitive)"
"7e714127-14cf-458b-a1e6-0e3cc0a0d07f","***","2026-09-03T23:02:17.516Z","5751","","","Wanted Person (Arrest Warrant/Fugitive)"
"03816881-e64b-48b3-a6a7-c532ca85fee9","***","2026-09-04T00:09:26.755Z","426","","","Wanted Person (Arrest Warrant/Fugitive)"
"afbab007-d0d0-4ab7-9580-fb1a02c19fb3","***","2026-09-04T01:05:13.111Z","437","","","Wanted Person (Arrest Warrant/Fugitive)"
"25a35e78-6e0a-4a34-8c46-cad95c71aa47","***","2026-09-04T05:10:12.171Z","426","","26-009336","Wanted Person (Arrest Warrant/Fugitive)"
"f9a59cbf-3245-4f3b-b2fc-2eef61762445","***","2026-09-04T10:35:14.865Z","426","","","Wanted Person (Arrest Warrant/Fugitive)"
"659a5283-491d-4f5a-a67f-eac7e545d13e","***","2026-09-04T11:33:04.233Z","437","Seeing if motorcycle hit on flock recently","26-009268","Stolen Property Offenses"
"60687528-cb12-47f7-bdf1-232ebf684239","***","2026-09-04T12:59:09.131Z","426","","","Wanted Person (Arrest Warrant/Fugitive)"
"a5929931-5bf9-4ae6-8a8a-6c2a03216610","***","2026-09-04T13:25:35.697Z","5747","","","Stolen Property Offenses"
"86d88b0b-646d-428e-a98a-d61c241b1cfe","***","2026-09-04T15:17:06.464Z","434","","","Traffic Infraction"
"b8d1f3f7-dedf-4cd5-ac59-dc19c7e68a1b","***","2026-09-04T15:23:47.455Z","435","","","Wanted Person (Arrest Warrant/Fugitive)"
"dcd01b4a-4743-46d7-af7d-9aa94c1d529b","***","2026-09-04T15:44:36.580Z","435","Veh. Burg Suspect from LCHS","26-009348","Burglary/Breaking & Entering"
"4c8b66a4-d645-49eb-b7e5-d1ea0461bb40","***","2026-09-04T16:25:56.872Z","424","","","Wanted Person (Arrest Warrant/Fugitive)"
"b5d6e8a4-cd10-4694-9fec-852e4a2216d2","***","2026-09-04T16:29:12.804Z","1","","","Wanted Person (Arrest Warrant/Fugitive)"
"d80b7333-06e4-4249-849d-7fee6baf5296","***","2026-09-04T17:00:55.836Z","1","","","Wanted Person (Arrest Warrant/Fugitive)"
"9de7830f-abd0-404b-a39b-f364269639e7","***","2026-09-04T17:13:03.602Z","424","","","Wanted Person (Arrest Warrant/Fugitive)"
"2c9f1f07-ad1c-4769-a30f-ce3e47cd1abc","***","2026-09-04T19:27:05.982Z","423","investigation","","Arson"
"9dd61dee-ef21-4139-899a-31780ef055ee","***","2026-09-05T00:33:08.005Z","424","","","Wanted Person (Arrest Warrant/Fugitive)"
"61014343-7d3b-435b-abdf-883ea3346f0c","***","2026-09-05T00:52:14.681Z","435","","","Wanted Person (Arrest Warrant/Fugitive)"
"f8c589df-0550-46fc-8658-0881f1f0bd9e","***","2026-09-05T12:30:47.338Z","2","","","Traffic Infraction"
"c01ddc3c-ccf7-4f47-8e52-9af1609df5b9","***","2026-09-05T13:58:00.168Z","423","","","Welfare Check"
"f64faf26-97a5-4379-82d6-b576452af9c2","***","2026-09-05T14:04:00.414Z","423","","","Welfare Check"
"e911d8af-ee9f-48d8-8cf6-4e794ff7abb5","***","2026-09-05T17:48:09.766Z","434","","","Traffic Infraction"
"26634c13-3489-43fb-bfea-011e7fbab8ee","***","2026-09-05T18:08:07.659Z","423","","","Welfare Check"
"484969f2-e26b-44cd-bec3-a0b0e3789017","***","2026-09-05T19:28:02.321Z","423","","","Larceny/Theft Offenses"
"3c58b19f-9fd6-48f0-85e9-bb6052cdd2ff","***","2026-09-06T05:23:49.030Z","422","","","Motor Vehicle Theft/Stolen"
"e1816af8-a557-436d-b12e-ccf493ffff59","***","2026-09-06T06:48:30.988Z","421","na","","Driving Under the Influence (DUI/DWI/OWI/OVI)"
"31ed3671-cc8b-4422-a65c-1ca911ed5c0d","***","2026-09-06T08:11:35.025Z","432","","","Prostitution"
"9edfae58-25c8-455b-858d-9ba9fc846355","***","2026-09-06T14:11:23.764Z","433","","","Wanted Person (Arrest Warrant/Fugitive)"
"e442a1bf-a244-44d3-9b5a-eeee5c91f413","***","2026-09-06T14:19:53.580Z","5725","","","Missing/Endangered Person/Runaway"
"fb6760de-910f-442d-a8c7-62649af5085f","***","2026-09-06T18:15:21.613Z","433","pursuit","","Motor Vehicle Theft/Stolen"
"b2db8dc5-4f49-47fa-b079-e4d5cfd2abdb","***","2026-09-06T19:08:08.606Z","433","pursuit stolen vehicle","26-009487","Motor Vehicle Theft/Stolen"
"cc4b47f8-0ef7-4fec-8a4e-9a5b207a568e","***","2026-09-06T21:57:36.869Z","421","","","Larceny/Theft Offenses"
"3bb3a5f3-6515-40ac-9663-d11431c93f44","***","2026-09-06T23:48:04.259Z","432","","","Hit and Run/Car Accident"
"73370288-3254-43c0-891c-18a774581ec3","***","2026-09-07T00:15:35.289Z","432","","","Alcohol Offenses (Non-DUI)"
"c407254d-6b86-497c-a7da-f5a390e95acf","***","2026-09-07T02:23:14.757Z","433","","","Robbery"
"5e40e35f-ae03-411c-bc14-cb35b31c4fa9","***","2026-09-07T02:23:48.979Z","433","","","Robbery"
"fd17b33c-0623-466d-aa6e-c6a3f4bbf08a","***","2026-09-07T02:24:51.295Z","433","ROBBERY SUSPECT","","Robbery"
"88ec5cd5-a6e4-4108-a8a5-7689e8e46ce0","***","2026-09-07T03:03:41.951Z","433","","","Robbery"
"5a0706c6-d647-4758-ac43-916e797c12b3","***","2026-09-07T05:24:30.856Z","433","warrant","","Wanted Person (Arrest Warrant/Fugitive)"
"3a052635-57bc-4739-bd78-99ad1785b9e7","***","2026-09-07T05:42:04.276Z","5725","Wanted Person","","Wanted Person (Arrest Warrant/Fugitive)"
"3eb96454-3b7c-4270-a5a2-61173e05b7c4","***","2026-09-07T12:06:19.017Z","421","","","Alcohol Offenses (Non-DUI)"
"f67a17a0-d83a-4885-8cf1-7696ee39d494","***","2026-09-07T16:05:52.280Z","2","","","Child Abuse/Neglect"
"8d302a14-bf4b-45ff-8eb0-4d2cefb69b24","***","2026-09-07T17:38:17.664Z","432","suspect","26-008929","Financial Crime (Embezzlement/Fraud)"
"89848c0a-1b70-46d3-b997-53a3e314ee94","***","2026-09-07T21:02:47.087Z","2","victim","26-009288","Homicide/Death Investigation"
"d0f3478b-b5e9-4cea-872a-bb13986c70bb","***","2026-09-07T21:47:06.137Z","2","suspect","26-008929","Financial Crime (Embezzlement/Fraud)"
"d1893298-1d17-4b4b-a6d4-114f585a4977","***","2026-09-08T05:14:40.650Z","421","","","Alcohol Offenses (Non-DUI)"
"846b06a5-9095-41d8-b8ad-e1253e3fcf4b","***","2026-09-08T07:52:59.584Z","432","","","Alcohol Offenses (Non-DUI)"
"9ab0a950-b96c-4a91-a2c7-742f9d83f375","***","2026-09-08T13:34:22.845Z","2","","","Drugs/Narcotics"
"b9d2457d-29c4-4fe5-b439-9170367edc16","***","2026-09-08T14:01:15.749Z","2","","","Motor Vehicle Theft/Stolen"
"44b434b8-3c49-4139-b237-10b5badf4dc6","***","2026-09-08T14:11:50.146Z","2","","","Arson"
"21d6a336-3bbf-4916-a3fb-2eec13463f63","***","2026-09-08T16:22:01.000Z","420","","","Wanted Person (Arrest Warrant/Fugitive)"
"47f5f869-80ed-413e-8896-4497b849e5f6","***","2026-09-08T17:10:05.508Z","430","","","Drugs/Narcotics"
"15099c23-cb42-45bb-a227-5febd9478de2","***","2026-09-08T17:16:02.016Z","430","drug investigation","","Drugs/Narcotics"
"19748d3c-929f-40b0-bdf0-aae884bda6f1","***","2026-09-08T18:22:02.319Z","429","","","Drugs/Narcotics"
"86b2b8f6-802f-4f49-99b1-77aa8f053182","***","2026-09-08T20:50:01.246Z","2","Investigation","CBV26-006564","Drugs/Narcotics"
"d4d79365-f9db-403f-8e04-d4d7ffbec362","***","2026-09-08T21:01:12.580Z","2","Investigation","CBV26-006564","Drugs/Narcotics"
"2e4bbb07-5de8-49e3-a96c-ae2f678ce2e3","***","2026-09-08T22:39:50.839Z","2","suicidal male","","Welfare Check"
"89fb1700-9fb3-4698-8dc1-0e25cc2db1ac","***","2026-09-08T22:41:43.308Z","1","","2026-070697","Welfare Check"
"1116723e-23ff-44cc-bdb5-a27c27716488","***","2026-09-08T23:05:01.113Z","2","suicidal male","","Welfare Check"
"aaa84ab2-43cf-4316-8bf1-dc77f0ba03e4","***","2026-09-09T01:54:17.897Z","2","victim","26-009288","Homicide/Death Investigation"
"399bc6d9-a472-44b6-8559-f35aa30d29dd","***","2026-09-09T01:56:55.565Z","417","Theft","","Larceny/Theft Offenses"
"5e5a306b-b0f0-440c-be26-9a4435a3149d","***","2026-09-09T02:00:06.229Z","1","victim","26-009288","Homicide/Death Investigation"
"d37638d4-8f47-4508-852e-1299bb5987df","***","2026-09-09T02:08:03.735Z","418","","","Stolen Property Offenses"
"1790e7c2-2568-4d3a-b5bb-ea1971d5637c","***","2026-09-09T05:08:26.863Z","418","","","Motor Vehicle Theft/Stolen"
"9afcc236-bcfc-458a-b05a-168ac30281f0","***","2026-09-09T06:10:41.467Z","417","","","Alcohol Offenses (Non-DUI)"
"088ef7ab-6b8c-4e7c-8116-2a4179051bae","***","2026-09-09T14:06:33.048Z","2","","","Traffic Infraction"
"adffcddb-bbe7-4150-81b5-34c0dc92ee00","***","2026-09-09T14:07:36.000Z","3","Felony Shoplifting","26-009592","Stolen Property Offenses"
"4926f56b-89ee-4e50-8074-2657ee61bc22","***","2026-09-09T14:45:15.312Z","429","drug investigation","","Drugs/Narcotics"
"449d1226-7653-4c89-aaaa-f7217e49748b","***","2026-09-09T16:15:17.592Z","429","","","Stolen Property Offenses"
"b542ad3b-ba80-4c70-9c1a-79163482f824","***","2026-09-09T17:24:11.696Z","2","Investigation","2026","Drugs/Narcotics"
"4284af66-4b42-409c-8204-96f5be2c4bad","***","2026-09-09T17:41:08.878Z","427","victim","26-009888","Homicide/Death Investigation"
"f312df45-237f-4738-8cf7-e12bf772742a","***","2026-09-09T18:49:57.914Z","2","Fire Investigation","26-007396","Arson"
"31ca48ff-f1a1-4adf-ba92-0b4b9d0c1799","***","2026-09-09T20:01:08.046Z","424","narc","narc","Drugs/Narcotics"
"bdc028b9-2c6a-4d9e-b8e6-296b6d954395","***","2026-09-09T20:44:42.722Z","2","stolen vehicle","2026-076399","Motor Vehicle Theft/Stolen"
"08d0a922-f878-4235-9e93-a3d1332810af","***","2026-09-09T21:34:07.330Z","423","26-009593","26-009593","Traffic Infraction"
"7edda674-135d-4dc1-8f34-f5b69ad3d02e","***","2026-09-09T22:08:46.232Z","5639","wanted","FECR179014","Wanted Person (Arrest Warrant/Fugitive)"
"63efaeae-d9d5-4d82-846d-0a78d2a02cd7","***","2026-09-09T22:12:02.854Z","423","hit and run victim","26-006908","Traffic Infraction"
"1735f5dc-b191-45c7-bab1-e203fe11fee3","***","2026-09-09T22:19:36.529Z","412","Investgation","9615","Welfare Check"
"52bd8c1e-bf18-434a-8ba4-54a538785331","***","2026-09-09T22:37:34.068Z","424","Stolen","26-009629","Motor Vehicle Theft/Stolen"
"34babe34-a8da-4dca-ac20-0948a220f957","***","2026-09-10T00:20:06.931Z","2","wanted","FECR172222","Wanted Person (Arrest Warrant/Fugitive)"
"2917c8aa-93a0-4c75-944c-7c14f2c73b17","***","2026-09-10T00:30:31.926Z","5636","Wanted","FECR174244","Wanted Person (Arrest Warrant/Fugitive)"
"8c64c95c-a4e4-4f82-9d23-920aa4a43901","***","2026-09-10T12:11:36.413Z","423","PLATES DON'T MATCH","CAPTURED BY RED LIGHT CAMERA","Traffic Infraction"
"5b20dc21-add7-4f4f-a0a4-a31b7e3844ec","***","2026-09-10T12:31:45.450Z","2","hit and run suspect","26-009593","Hit and Run/Car Accident"
"d1288c15-b9fb-41b9-8009-9994d66ffbc0","***","2026-09-10T13:54:59.226Z","2","200","CBV26-006517","Drugs/Narcotics"
"c9229f33-774d-41b4-9701-2e37194866c4","***","2026-09-10T14:11:44.620Z","2","200","CBV26-006517","Drugs/Narcotics"
"cbfe96c5-7883-48cf-a531-445dd9d9a339","***","2026-09-10T14:44:00.359Z","424","warrant","0","Wanted Person (Arrest Warrant/Fugitive)"
"d4617055-c351-46dc-922d-65da3c39c9f6","***","2026-09-10T18:03:12.682Z","5635","wanted","fid12013092","Homicide/Death Investigation"
"e87ae18b-6793-4cb1-a485-42ac5531ce97","***","2026-09-10T21:03:50.905Z","411","Operation","1","Prostitution"
"908f804c-c928-4a9c-815d-bc39db066db0","***","2026-09-10T21:45:28.671Z","412","Wanted","1","Wanted Person (Arrest Warrant/Fugitive)"
"eb9efb5b-4355-4462-ab16-20139dfb0d91","***","2026-09-10T22:05:28.125Z","412","Wanted","1","Wanted Person (Arrest Warrant/Fugitive)"
"ee56b9db-900d-430c-9070-ab3331da4f13","***","2026-09-10T22:24:08.339Z","411","Operation","1","Prostitution"
"d6e1f25e-002f-4983-b75e-ee4e79bc4f41","***","2026-09-10T23:06:12.138Z","411","Op","None yet","Sex Offenses"
"a2d4c611-36e7-493c-99e9-02572a6db26b","***","2026-09-10T23:35:27.331Z","411","Wanted","1","Prostitution"
"877f48e0-3853-48b0-85be-717e51b1f71e","***","2026-09-11T02:39:25.332Z","412","Operation","1","Wanted Person (Arrest Warrant/Fugitive)"
"c23183d5-8594-4320-b074-a45a3a34b516","***","2026-09-11T05:55:35.775Z","424","Wanted Person","26-009700","Wanted Person (Arrest Warrant/Fugitive)"
"921a169d-b547-47dd-ad08-de45727db8e8","***","2026-09-11T09:53:39.750Z","423","Pursuit suspect","26-009699","Traffic Infraction"
"e9bae427-d9cb-444c-aee3-35f195c2dfbe","***","2026-09-11T11:24:28.877Z","423","Fled","26-009699","Traffic Infraction"
"5285ab6f-920d-4f81-9676-235ca870dd8a","***","2026-09-11T14:06:57.029Z","412","Wanted","Fefr","Wanted Person (Arrest Warrant/Fugitive)"
"11c1df9b-72f2-47dd-ab96-cbef06632514","***","2026-09-11T14:52:17.453Z","424","narc","narc","Drugs/Narcotics"
"cd22ff43-4f5e-4162-b12f-efbbc29e8ce9","***","2026-09-11T15:06:24.669Z","424","drug investigation","8934","Drugs/Narcotics"
"78e67b27-8afb-4571-a178-d4c6045c3802","***","2026-09-11T15:10:00.438Z","412","Wanted","FECR134567","Wanted Person (Arrest Warrant/Fugitive)"
"2fb56e7e-791f-4b4a-a569-38d2b0385fb1","***","2026-09-11T16:09:38.570Z","424","Wanted","FECR134567","Wanted Person (Arrest Warrant/Fugitive)"
"bc03551b-6710-4216-96e1-70ca3ef292aa","***","2026-09-11T20:06:17.195Z","409","Investgation","26-0911","Weapons Offense (Guns/Shots Fired)"
"abe1543a-0e0d-4e0e-a2af-c3c54fd4f4f9","***","2026-09-11T20:07:05.469Z","421","narc","narc","Drugs/Narcotics"
"40e57430-5c14-40cb-8002-1e5d0bcef53e","***","2026-09-12T01:53:22.949Z","420","Eluding Suspect","S26-001547","Traffic Infraction"
"414ef31b-b331-4151-aa03-62171c2f97df","***","2026-09-12T04:43:31.219Z","420","Reckless","26-009699","Traffic Infraction"
"044a00d1-f13a-4f98-9c41-07eeb53122c9","***","2026-09-12T05:32:25.157Z","408","200","0","Traffic Infraction"
"ff30a66c-54e1-4c87-91ad-5d6bf53823eb","***","2026-09-12T10:53:56.332Z","409","Bolo","9765","Assault/Battery Offenses (Domestic)"
"4387e4a9-7b2a-44f4-9266-e4103e09a967","***","2026-09-12T11:10:19.155Z","409","Burg","N/a","Burglary/Breaking & Entering"
"c8680916-f5aa-46a3-8b2b-1d0462413811","***","2026-09-12T22:38:30.664Z","2","Suspect","9784","Burglary/Breaking & Entering"
"834f4a03-ed4c-4bb5-bcfe-325927ef96cd","***","2026-09-13T00:16:05.159Z","409","Suspect","9784","Burglary/Breaking & Entering"
"9636754e-cd13-41ca-8332-fca9f6c76feb","***","2026-09-13T05:22:28.080Z","409","Burg suspect","9784","Burglary/Breaking & Entering"
"4e0ebbee-6a7e-4943-8fd0-96e52286fe29","***","2026-09-13T15:07:00.295Z","421","Burglary suspect","9802","Burglary/Breaking & Entering"
"6706adb7-5911-4255-b2a2-f429f9afc4f6","***","2026-09-13T16:04:56.521Z","2","suspect vehicle","26-009802","Burglary/Breaking & Entering"
"b7938aa6-f79b-4d8c-b358-09403b88dd90","***","2026-09-13T19:14:36.747Z","409","Burg suspect","9787","Burglary/Breaking & Entering"
"f185e4c1-2b52-4112-8fbd-c28140aa1559","***","2026-09-13T20:34:12.002Z","420","suspect","25-0011451","Larceny/Theft Offenses"
"579d3393-3008-4fdc-8df9-d2704049015e","***","2026-09-14T03:16:47.508Z","409","Burg suspect","9810","Burglary/Breaking & Entering"
"d52ed9f9-91ce-4f6e-8f61-6546e64b0eb6","***","2026-09-14T05:06:05.020Z","408","Sus","Na","Arson"
"62788081-3830-49b5-a49a-702dbdf6414e","***","2026-09-14T07:33:32.390Z","408","na","0000","Alcohol Offenses (Non-DUI)"
"58c4893c-a4ce-4983-8e5a-902d6586d61f","***","2026-09-14T08:08:08.723Z","408","na","0000","Alcohol Offenses (Non-DUI)"
"509d3539-abda-4190-8309-8a9a81f7d722","***","2026-09-14T08:21:08.126Z","409","stolen","000","Motor Vehicle Theft/Stolen"
"3e5c2f13-0624-4695-9dcf-a8071e8d8b7d","***","2026-09-14T12:11:50.789Z","2","26-009593","26-009593","Hit and Run/Car Accident"
"d408a220-a0de-4200-a3d0-cab4fa21c57c","***","2026-09-14T12:26:12.407Z","2","McCord Bulletin","McCord Bulletin","Traffic Infraction"
"ff5a3113-2706-4a9c-95ed-3c2220311cc3","***","2026-09-14T12:29:25.734Z","2","CFS 2026-076784","CFS 2026-076784","Welfare Check"
"ca0d3c54-5b34-4064-8a70-bdfccb3b6698","***","2026-09-14T14:27:05.596Z","408","Wanted","1","Wanted Person (Arrest Warrant/Fugitive)"
"235fee6f-0484-4e84-92a2-eced4b9e7e9c","***","2026-09-14T15:44:55.823Z","407","Vehicle info","9835","Illegal Dumping/Littering"
"f2dbaeb7-597f-4f9f-8f16-26e39c624b07","***","2026-09-14T15:52:43.100Z","420","Stolen vehicle","FECR174244","Stolen Property Offenses"
"36e8c681-a5dd-47a4-85a0-c0aab91afd0c","***","2026-09-14T16:01:37.139Z","420","drug investigation","8934","Drugs/Narcotics"
"7b171c49-aebb-4bc8-abdf-5beab408557a","***","2026-09-14T16:31:41.947Z","406","cfs 26 7793","cfs 26 77993","Hit and Run/Car Accident"
"ba38d3a3-3e41-41df-ba46-6c375e713c5e","***","2026-09-14T16:39:28.918Z","419","run vehicle in hit and run","26-077993","Hit and Run/Car Accident"
"9116177d-c91b-4a30-99d5-b3537aa16584","***","2026-09-14T16:49:31.234Z","3","Construction Material theft","26-009721","Larceny/Theft Offenses"
"a44d7769-de59-4b99-aac2-ece43f214b9f","***","2026-09-14T16:56:05.734Z","2","Dumping","26-009835","Destruction/Damage/Vandalism of Property"
"a127ca71-ddf6-46b1-b584-2c5a6ed04fa0","***","2026-09-14T17:09:44.709Z","407","Vehicle info","9835","Illegal Dumping/Littering"
"7a72b3c1-1e03-466f-b387-21a4600e2b6c","***","2026-09-14T17:38:41.384Z","405","vehicle","9835","Illegal Dumping/Littering"
"451a3611-1e5e-454a-8363-1faafe5f34cf","***","2026-09-14T18:05:35.563Z","2","Dumping","26-009835","Destruction/Damage/Vandalism of Property"
"05fc9c90-d6ef-44d2-aa21-9efc8808bc6e","***","2026-09-14T19:45:05.691Z","1","Hotel Parking lot thefts -","26-009306","Larceny/Theft Offenses"
"55a453c1-254c-4482-8d21-9b372fff5efd","***","2026-09-14T19:50:04.820Z","406","Operation","1","Wanted Person (Arrest Warrant/Fugitive)"
"f71f4569-55e8-41fa-bdc1-37a4829fe900","***","2026-09-14T20:28:33.834Z","418","narc","narc","Drugs/Narcotics"
"e4fc4819-8aab-4286-89cd-fa23ab78a391","***","2026-09-14T21:09:42.831Z","418","26-009824","26-009824","Motor Vehicle Theft/Stolen"
"4c91d1c6-02a6-4c33-b5e1-8e35f6512ff1","***","2026-09-14T22:08:16.693Z","1","stolen vehicle","26-009860","Motor Vehicle Theft/Stolen"
"e060763f-6c66-4207-8b62-bbc19eb9b2ec","***","2026-09-14T22:15:42.353Z","1","burglary","26-009810","Burglary/Breaking & Entering"
"6186673d-6cb6-4d21-80db-9c409b61bed4","***","2026-09-14T22:17:02.696Z","418","stolen vehicle","9824","Motor Vehicle Theft/Stolen"
"0117da5d-7cb4-4f46-b181-91a8dd06c87b","***","2026-09-14T23:11:14.894Z","418","stolen","9860","Motor Vehicle Theft/Stolen"
"5f890ea2-7277-47bc-b2c7-165728ca71b9","***","2026-09-14T23:35:58.879Z","418","stolen vehicle","9824","Motor Vehicle Theft/Stolen"
"da1149c0-8ccf-4a9c-b26d-117ab4106ba3","***","2026-09-15T00:08:39.558Z","2","Suspect","78126","Robbery"
"1c2f734f-5d76-409f-bff6-364857a78344","***","2026-09-15T00:11:27.548Z","418","suspect","N/A","Robbery"
"dd62331a-3e1e-45eb-ade3-6c10884ac416","***","2026-09-15T00:12:15.495Z","418","robbery","0","Robbery"
"cc572438-a564-4a11-ad6d-d2afd4b49354","***","2026-09-15T05:09:08.965Z","417","Stolen motorcycle","26-009268","Traffic Infraction"
"ecdbb61f-4649-4112-9e48-c7482789e8ad","***","2026-09-15T07:16:16.002Z","1","suspect","NA","Assault/Battery Offenses (Domestic)"
"882cfb4e-5e77-453e-b1f0-6d32bc759386","***","2026-09-15T13:21:52.162Z","2","run vehicle in hit and run","26-077993","Hit and Run/Car Accident"
"dcea8492-c564-4e93-9346-e0babcd80745","***","2026-09-15T13:35:33.533Z","418","wanted","1","Wanted Person (Arrest Warrant/Fugitive)"
"296f7ef3-2e22-4921-b9b2-af99015680b2","***","2026-09-15T13:46:06.254Z","418","narc","narc","Drugs/Narcotics"
"fa916576-389d-49a9-b8d0-57fd71c4fae4","***","2026-09-15T13:50:29.698Z","418","200","none","Drugs/Narcotics"
"58b63ac7-8152-4e10-aea8-4474954011fb","***","2026-09-15T14:16:12.792Z","2","200","none","Drugs/Narcotics"
"c9cb14a0-7c7e-4726-bb7a-9d7b6b54cfa1","***","2026-09-15T14:59:19.532Z","418","drug investigation","8934","Drugs/Narcotics"
"595c3614-e3ec-4777-ae75-4210c6b84b9b","***","2026-09-15T15:06:41.624Z","2","200","none","Drugs/Narcotics"
"a0c7c8a7-f34c-4d3e-b305-cdd8a9cd0f39","***","2026-09-15T15:18:07.457Z","3","Stolen Soffiting from Residential Construction","26-009773","Larceny/Theft Offenses"
"e1d1499a-2a07-4898-9a02-1903f42e011f","***","2026-09-15T16:26:59.829Z","2","Stolen Soffiting from Residential Construction","26-009773","Larceny/Theft Offenses"
"a2670ce3-ee6b-4a37-a910-de6630b603a7","***","2026-09-15T18:03:02.097Z","418","1","1","Wanted Person (Arrest Warrant/Fugitive)"
"2e1ac214-dbc1-48e0-bf0a-d5baa5e69971","***","2026-09-15T19:00:42.381Z","2","Stolen aluminum from commercial property","26-009810","Larceny/Theft Offenses"
"3743273f-7cde-4dbe-80b3-5ed609255e2f","***","2026-09-15T19:44:43.275Z","1","narc","narc","Drugs/Narcotics"
"0bf3a7ca-f719-48fd-b2b6-224820a91057","***","2026-09-15T20:18:31.274Z","2","narc","narc","Drugs/Narcotics"
"31f51a5b-0b16-4041-839c-370f939ab90c","***","2026-09-15T21:43:04.804Z","416","theft","2026-078450","Larceny/Theft Offenses"
"cd9c54cd-e1b7-40c5-b97b-065ed5392caa","***","2026-09-15T21:43:10.361Z","416","involved in a theft at family dollar","9907","Larceny/Theft Offenses"
"7a59adfd-c4b1-4543-a426-b6c8cb4a1256","***","2026-09-15T22:31:29.876Z","1","theft","2026-078450","Larceny/Theft Offenses"
"8e25f392-3271-489b-85dc-a103cbf77d1a","***","2026-09-15T23:28:13.307Z","405","Wanted","1","Wanted Person (Arrest Warrant/Fugitive)"
"22552e87-99b2-47f4-b0f1-fc69acedb563","***","2026-09-15T23:38:11.520Z","2","theft","26-009824","Larceny/Theft Offenses"
"f1220b4b-93e3-43cb-b2bf-c15b2abd60e9","***","2026-09-16T00:25:42.390Z","1","theft","09142026","Larceny/Theft Offenses"
"110d55c8-9a9e-4d75-b1bd-1752a8b8dc16","***","2026-09-16T00:41:44.176Z","414","road rage","26-009914","Traffic Infraction"
"b6796f90-726f-4249-a6c4-67e2f025c514","***","2026-09-16T01:00:52.258Z","414","road rage","26-009914","Traffic Infraction"
"40314071-57db-4d6d-9cb2-32e8e0c3bb29","***","2026-09-16T01:15:19.659Z","1","theft","09142026","Welfare Check"
"a6181a9f-d7f5-490e-8a56-d1c1d128a14b","***","2026-09-16T02:02:06.840Z","5579","MISSING","1","Missing/Endangered Person/Runaway"
"52604ef1-3d0b-4d53-ba24-b3c2020d52d3","***","2026-09-16T02:57:01.330Z","413","suspect","N/A","Traffic Infraction"
"c48384e9-b935-4d2c-8b39-c8e81dcbfd8f","***","2026-09-16T03:57:21.839Z","416","stolen vehicle and suspect","26-009268","Motor Vehicle Theft/Stolen"
"38103e94-101d-487f-9235-e9ec0e86ab36","***","2026-09-16T05:06:36.749Z","404","Warrants","Unknown","Wanted Person (Arrest Warrant/Fugitive)"
"0b371e60-007a-4be0-8b89-a9ae28db8bef","***","2026-09-16T06:15:09.739Z","404","Warrants","Unknown","Wanted Person (Arrest Warrant/Fugitive)"
"47eb12a4-034f-471e-9651-2e40e143fbc3","***","2026-09-16T15:10:51.917Z","414","theft","26-009721","Larceny/Theft Offenses"
"6c9929d6-c61b-4da2-983e-d8db5ddeeae7","***","2026-09-16T15:24:12.678Z","415","narc","narc","Drugs/Narcotics"
"e5f73806-2887-441b-b30e-c821423c7047","***","2026-09-16T17:55:34.173Z","412","Suspect vehicle search - construction site thefts","26-009721","Larceny/Theft Offenses"
"c2711275-e7f1-4212-9b2d-907c911086da","***","2026-09-16T17:58:48.358Z","2","narc","narc","Drugs/Narcotics"
"a003d875-b62a-4f67-9269-80b08e33e1a4","***","2026-09-16T17:59:40.614Z","401","suspect","26-009942","Stolen Property Offenses"
"d3687896-9c80-4ee1-9768-3632b2ed8c99","***","2026-09-16T18:00:22.859Z","1","suspect","26-009942","Stolen Property Offenses"
"1bddeaff-d41d-4d1f-9872-359f2399d67e","***","2026-09-16T18:02:10.468Z","2","narc","narc","Drugs/Narcotics"
"fe1326f0-d65f-46ee-a1fa-f7e761eacd21","***","2026-09-16T18:28:20.334Z","413","drug investigation","8934","Drugs/Narcotics"
"79e51e3a-fca9-4b29-90f9-449f3c5859f6","***","2026-09-16T19:48:57.755Z","411","Suspect veh. Search -","26-009721","Larceny/Theft Offenses"
"98302b87-62ff-45c0-97b8-b8448aff57e4","***","2026-09-16T20:41:55.210Z","2","narc","narc","Drugs/Narcotics"
"5078f5c6-aefc-4228-b6c0-e5ea59b9d3a8","***","2026-09-16T21:10:31.076Z","411","drug investigation","8934","Drugs/Narcotics"
"f98860ad-233b-4f82-a2f2-af8cf4cacc79","***","2026-09-16T21:53:42.134Z","410","Search for Suspect in Stolen Vehicle","26-009824","Larceny/Theft Offenses"
"bd65fea0-11f4-4510-863d-6d7af5134574","***","2026-09-16T21:54:08.677Z","2","theft","26-009824","Larceny/Theft Offenses"
"87249b28-1669-4306-9693-49e2782cadac","***","2026-09-16T22:10:21.154Z","3","Search for Suspect in Stolen Vehicle","26-009824","Larceny/Theft Offenses"
"569de619-62aa-4fb7-a92e-3d6ef738ea91","***","2026-09-16T22:11:12.236Z","2","theft","26-009824","Larceny/Theft Offenses"
"bb9360ce-7cb9-4936-9f81-93c7efb536ae","***","2026-09-16T22:11:58.322Z","4","Auto Theft Investigation","26-009824","Larceny/Theft Offenses"
"65b4c424-a9db-4c11-89bf-0382e842ebea","***","2026-09-16T23:07:35.834Z","409","Run vehicle","26-009957","Hit and Run/Car Accident"
"9aed9b6c-168d-4149-980d-4162e8b6989c","***","2026-09-17T00:29:58.443Z","411","stolen vehicle","26-009824","Motor Vehicle Theft/Stolen"
"e19cb93d-3e67-4a91-91a6-af0c263246d0","***","2026-09-17T01:09:27.066Z","77","Collettii","1","Wanted Person (Arrest Warrant/Fugitive)"
"9718c32d-d8a7-408b-adc4-1b361bc1b565","***","2026-09-17T05:38:08.876Z","398","Theft","9835","Larceny/Theft Offenses"
"3b2944cb-ea14-486f-89cb-dc7d7aa0a747","***","2026-09-17T06:01:02.114Z","398","Theft","9835","Larceny/Theft Offenses"
"af943e3f-24c7-4e22-b566-dd90c7555b91","***","2026-09-17T08:26:24.193Z","396","Traffic","Na","Traffic Infraction"
"eeb6defe-d60e-4e99-a68d-93a950668f13","***","2026-09-17T12:07:42.888Z","411","test","test","Wanted Person (Arrest Warrant/Fugitive)"
"a63772f8-89a2-4054-a0a1-4a92d998c127","***","2026-09-17T13:19:04.108Z","1","theft home depot","test","Larceny/Theft Offenses"
"fe9b694f-184c-4fa6-a65e-9f5f920dda21","***","2026-09-17T13:23:04.907Z","1","wanted fugitve","test","Wanted Person (Arrest Warrant/Fugitive)"
"0c567a97-e827-4eb6-9639-57b6145c4ced","***","2026-09-17T13:36:23.211Z","2","theft","26-000934","Larceny/Theft Offenses"
"58168c43-ef71-431c-beb7-4b814ec75e63","***","2026-09-17T14:15:32.562Z","1","look for suspect vehicle - paper plates.","26-009592","Larceny/Theft Offenses"
"da41b4d3-bee4-4579-893e-e6006a6f577f","***","2026-09-17T14:26:29.187Z","1","look for suspect vehicle - black Scion","26-009306","Larceny/Theft Offenses"
"02e1a639-1ed5-4c51-a81f-bc171821c4e4","***","2026-09-17T15:51:05.730Z","411","drug investigation","8934","Drugs/Narcotics"
"93dec33d-9c31-4687-bc68-b8c0e3587e17","***","2026-09-17T17:50:39.134Z","410","drug investigation","8934","Drugs/Narcotics"
"1798ea8c-d6b7-4751-bea3-3dd8b5079069","***","2026-09-17T18:12:15.169Z","5550","State Warrant","9471558","Wanted Person (Arrest Warrant/Fugitive)"
"66ff7002-078b-4d45-aa28-4eabb24c7aab","***","2026-09-17T18:32:59.698Z","2","narc","narc","Drugs/Narcotics"
"f4b53fed-e790-48bf-baf8-8a5270448dcf","***","2026-09-17T18:51:58.427Z","2","drug investigation","8934","Drugs/Narcotics"
"271455bc-011b-4ee5-8ad3-1dc6f8db7dd3","***","2026-09-18T02:57:31.094Z","396","Vehicle info","8995","Larceny/Theft Offenses"
"4503d135-7d7d-4aa5-835e-6368288e9d76","***","2026-09-18T03:04:05.166Z","396","Vehicle info","8995","Larceny/Theft Offenses"
"75a53d45-007d-4dae-a861-153dbc0841a9","***","2026-09-18T19:02:41.259Z","405","Warrant","9471558","Wanted Person (Arrest Warrant/Fugitive)"
"630328a9-8b73-45ed-80ad-1516b23c68b2","***","2026-09-18T19:14:22.401Z","404","Run Vehicle","N/A","Hit and Run/Car Accident"
"3d474d57-9344-4dfc-9409-92b4e7a9664e","***","2026-09-18T19:58:02.258Z","393","Warrant","Na","Wanted Person (Arrest Warrant/Fugitive)"
"3f34cd4b-3102-431a-b325-4f6428dc611b","***","2026-09-18T20:00:31.726Z","405","Warrant","9471558","Wanted Person (Arrest Warrant/Fugitive)"
"ea4f75b7-fddf-491c-94f6-52cc1f4bca4c","***","2026-09-18T20:00:53.234Z","393","Warrant","Na","Wanted Person (Arrest Warrant/Fugitive)"
"0637390e-d87c-43b3-b269-cc50c7e2bfb7","***","2026-09-18T21:04:01.370Z","96","Warrant","9471558","Wanted Person (Arrest Warrant/Fugitive)"
"e29d30d7-6f14-4f89-b359-f971c95f16c5","***","2026-09-18T21:41:35.844Z","5536","Wanted","SRCR179808","Wanted Person (Arrest Warrant/Fugitive)"
"53e2cf5e-ef36-43fb-9598-485dee4c9b26","***","2026-09-18T22:29:26.071Z","5535","Wanted","SRCR179808","Wanted Person (Arrest Warrant/Fugitive)"
"3fedcd3c-4a94-4575-b9fc-2bbfe802977f","***","2026-09-19T00:47:19.991Z","393","Warrant","Na","Wanted Person (Arrest Warrant/Fugitive)"
"1be280c0-8bff-4cb3-9443-a3589f00e801","***","2026-09-19T02:09:51.710Z","392","Vehicle info","8935","Larceny/Theft Offenses"
"b9f9ce90-82e7-457f-a50a-047c9fa063c0","***","2026-09-19T14:54:10.981Z","2","PLATES DON'T MATCH","CAPTURED BY RED LIGHT CAMERA","Traffic Infraction"
"87949323-cf60-4fd5-9db4-600a93d1c009","***","2026-09-19T21:16:24.884Z","393","Warrant","Na","Wanted Person (Arrest Warrant/Fugitive)"
"a2ac5aa7-4007-4653-a682-233e78a5771b","***","2026-09-19T21:38:57.252Z","2","Theft suspect","0091","Larceny/Theft Offenses"
"81d8b8bf-81ff-4166-9e55-5873da821b5e","***","2026-09-19T22:15:06.356Z","392","Theft suspect","0091","Larceny/Theft Offenses"
"2ea1f446-ce8e-4dd1-b8ca-1f227702d12e","***","2026-09-19T22:16:06.839Z","1","Stolen by Juvenile","2026-079662","Motor Vehicle Theft/Stolen"
"fb520175-8859-4bb4-8cfe-a7a1e32a4481","***","2026-09-19T22:48:06.419Z","404","domestic abuse susp.","s26-001694","Assault/Battery Offenses"
"079d62cd-b033-4176-ad9a-92dc3c2366f3","***","2026-09-19T23:11:13.804Z","2","domestic abuse susp.","s26-001694","Assault/Battery Offenses"
"b7d4c5cf-b121-40dc-afed-e0823f1f8f7e","***","2026-09-19T23:15:41.044Z","392","Theft suspect","0091","Larceny/Theft Offenses"
"6f5d4b96-54b4-4e00-a5e1-30e107df3bcb","***","2026-09-19T23:16:41.334Z","393","Suspect","0091","Wanted Person (Arrest Warrant/Fugitive)"
"2b8e572c-14bb-45a3-928a-78eb72fcc5ae","***","2026-09-19T23:24:28.453Z","1","Stolen by Juvenile","2026-079662","Motor Vehicle Theft/Stolen"
"ba9d1e43-8bd8-4e48-97d3-82f3ae4b6617","***","2026-09-19T23:43:54.068Z","2","sex abuse 3rd","25-007538","Sex Offenses"
"5bf9f25e-bbee-4309-9516-3c1f605e3dfd","***","2026-09-20T00:05:36.550Z","393","Wanted","None","Wanted Person (Arrest Warrant/Fugitive)"
"f3080b83-d43f-4322-9967-3e5a61f4acda","***","2026-09-20T02:44:45.516Z","2","Suspect","0099","Burglary/Breaking & Entering"
"1a8af74f-43d4-4ee9-a483-13b5e5b49e29","***","2026-09-20T03:17:29.622Z","405","shots fired","26-10103","Weapons Offense (Guns/Shots Fired)"
"8a452a4d-ad86-4bdb-a79b-3c303df8a663","***","2026-09-20T03:40:33.721Z","393","Bolo","10103","Weapons Offense (Guns/Shots Fired)"
"95cc1acb-799b-47e4-bf32-9b59dd7484fe","***","2026-09-20T06:39:46.651Z","393","Warrant","Wanted","Wanted Person (Arrest Warrant/Fugitive)"
"271da720-a0d1-44a3-90dd-6d266fb746ee","***","2026-09-20T14:24:57.592Z","405","Shooting Suspect","26-010103","Weapons Offense (Guns/Shots Fired)"
"1324b5b7-5f7f-498e-9b0b-2348dbc8c443","***","2026-09-20T15:35:07.634Z","404","suspect vehicle","26-010049","Hit and Run/Car Accident"
"9d34424b-7d3b-44a7-a980-d7dc56a336e9","***","2026-09-20T16:05:26.475Z","399","suspect","N/A","Traffic Infraction"
"8089e571-ddc2-4471-a859-5518aefb1534","***","2026-09-20T17:24:04.466Z","405","suspect","26-009473","Wanted Person (Arrest Warrant/Fugitive)"
"cd6d8ef4-00f4-4b55-9c32-cbab374ee5e1","***","2026-09-20T17:56:14.198Z","399","FRAUD PLATES","CAPTURED BY RED LIGHT CAMERA","Traffic Infraction"
"4a16de77-cfdf-45c4-a11e-2030e8399252","***","2026-09-20T18:08:26.314Z","399","expired plates, barred r/o","N/A","Traffic Infraction"
"33d1e4f0-1e65-4e9c-a288-7fd5454bb37a","***","2026-09-20T18:28:59.816Z","2","suspect","na","Driving Under the Influence (DUI/DWI/OWI/OVI)"
"ec4cc02d-7a70-4ec3-96c8-aee57f1eed8a","***","2026-09-20T18:30:57.434Z","404","owi bdc","owi bdc","Driving Under the Influence (DUI/DWI/OWI/OVI)"
"150de534-53c5-41dc-97bc-bd27211abd43","***","2026-09-20T19:46:00.731Z","2","Hit and run suspect search.","26-009461","Hit and Run/Car Accident"
"df5a7312-09ab-487a-b478-c4775cba33cb","***","2026-09-20T20:17:52.354Z","1","Hit and run suspect search.","26-009461","Hit and Run/Car Accident"
"74cadc83-4c65-4f6e-8586-d8eaa17f6e7e","***","2026-09-20T21:44:34.821Z","5534","suspect","N/A","Wanted Person (Arrest Warrant/Fugitive)"
"7f3fc185-dd97-4538-88ca-0e13e6136582","***","2026-09-21T11:54:56.522Z","2","26-010099","26-010099","Trespass"
"87f0b029-4e65-473c-99c3-9e56bf427396","***","2026-09-21T12:12:21.505Z","2","CFS 2026-080069","CFS 2026-080069","Motor Vehicle Theft/Stolen"
"78d7708c-a883-436d-a8f3-87d56bf75c46","***","2026-09-21T13:01:10.087Z","1","Wanted","1","Wanted Person (Arrest Warrant/Fugitive)"
"f121e02c-eeeb-4501-93b0-2b14361f7ade","***","2026-09-21T17:39:56.049Z","404","suspect","26-0009999","Larceny/Theft Offenses"
"4bf06c47-1786-48f0-b09f-cbeaef234d03","***","2026-09-21T18:04:52.121Z","2","suspect vehicle","N/A","Burglary/Breaking & Entering"
"06557607-2eff-4b8d-a2ef-1cca87e51543","***","2026-09-21T22:07:25.455Z","1","Shooting Suspect","26-010103","Weapons Offense (Guns/Shots Fired)"
"ed20d16b-d982-4104-b73a-85c501adeae0","***","2026-09-21T22:49:26.568Z","393","Warrant","Wanted","Wanted Person (Arrest Warrant/Fugitive)"
"72db3b40-222b-43d4-8199-12aa94c58ccb","***","2026-09-21T23:00:22.188Z","393","Warrant","Na","Wanted Person (Arrest Warrant/Fugitive)"
"840cd9fa-fb03-447a-9393-e505e265cc02","***","2026-09-22T03:10:50.065Z","404","Hit and Run","26-010185","Hit and Run/Car Accident"
"40ee0a0a-decb-464a-98c3-5468cc10fa68","***","2026-09-22T04:30:56.337Z","405","stolen motorcycle","26-009269","Stolen Property Offenses"
"339abde6-b30d-45d4-8251-00ea681303a9","***","2026-09-22T04:36:12.825Z","392","na","0000","Driving Under the Influence (DUI/DWI/OWI/OVI)"
"0ca54559-fbba-4b40-b78c-b4ac201cdd1b","***","2026-09-22T05:24:19.158Z","405","wanted person","25-007538","Wanted Person (Arrest Warrant/Fugitive)"
"4c50ca78-eb90-4e8a-9a94-d0035e85a61c","***","2026-09-22T06:05:49.450Z","5526","wanted person","0000","Wanted Person (Arrest Warrant/Fugitive)"
"c2a1b8d9-e097-4d56-96fa-0cdc07069d42","***","2026-09-22T06:07:43.114Z","393","Warrants","Unk","Wanted Person (Arrest Warrant/Fugitive)"
"694910d7-4636-42f9-8254-0e9aa38b3e44","***","2026-09-22T06:45:28.533Z","392","na","0000","Driving Under the Influence (DUI/DWI/OWI/OVI)"
"c7d2e315-04eb-44c0-aac0-ec992b2cb3ee","***","2026-09-22T12:27:16.564Z","405","tracking offender","26-010199","Burglary/Breaking & Entering"
"2a400072-d9e2-4c8a-bccc-ee464e753c92","***","2026-09-22T14:56:39.646Z","393","Wanted","1","Wanted Person (Arrest Warrant/Fugitive)"
"75685559-7c62-48ea-b2df-16ae424d938e","***","2026-09-22T15:03:14.705Z","2","drug investigation","5615","Drugs/Narcotics"
"c784428f-ca15-49ed-a91c-cd6802710641","***","2026-09-22T15:24:20.907Z","2","assault suspect","26-080436","Assault/Battery Offenses"
"841e8858-3f5e-46f5-b59a-bedf6b05b1c0","***","2026-09-22T15:38:23.493Z","405","investigation","26-0922","Weapons Offense (Guns/Shots Fired)"
"c3dcb47c-f3b2-4609-b1b2-35d80925d72f","***","2026-09-22T16:01:51.368Z","2","drug investigation","5615","Drugs/Narcotics"
"f052cd1b-b507-41ab-9985-d2f41b5069f6","***","2026-09-22T16:11:24.073Z","405","Wanted","FECR174244","Wanted Person (Arrest Warrant/Fugitive)"
"b797c44b-1868-4308-839a-e46b2a7b317e","***","2026-09-22T16:51:33.565Z","404","Search Warrant Planning","24-009739","Sex Offenses"
"f77a98b1-11e8-485e-95e7-e9f87b079e3e","***","2026-09-22T17:26:18.971Z","2","drug investigation","5615","Drugs/Narcotics"
"32316126-9d71-4159-b918-ba32a1c2a846","***","2026-09-22T17:39:22.858Z","1","narc","narc","Drugs/Narcotics"
"694c6b8e-62f6-4d25-898d-549efe0c9901","***","2026-09-22T18:47:41.812Z","390","driving","8925","Criminal Motor Vehicle Offense (incl. Road Rage/Reckless)"
"dc45b5c8-16a0-4008-af41-59a689a19ce9","***","2026-09-22T20:25:53.945Z","2","Citizen request","26-009992","Hit and Run/Car Accident"
"9e6a9df3-c415-40dc-88fe-003b86315cc6","***","2026-09-22T20:29:00.669Z","2","Broadcast for OWI","None","Driving Under the Influence (DUI/DWI/OWI/OVI)"
"44c1ede9-3f9e-4dae-a779-3d0fd8b4ec9c","***","2026-09-22T23:39:39.273Z","2","Multiple complaints to PAR","None","Traffic Infraction"
"cfd9e868-838f-4f34-afdf-c9da29d27a2b","***","2026-09-22T23:56:12.642Z","2","suspect","26-009942","Larceny/Theft Offenses"
"f4c6f74d-aa51-46f2-8295-7f65e15ef387","***","2026-09-23T00:01:50.655Z","1","suspect","26-009942","Larceny/Theft Offenses"
"1d6fb032-6124-40b1-ba54-5b772319f8ea","***","2026-09-23T00:09:03.705Z","405","suspect","N/A","Wanted Person (Arrest Warrant/Fugitive)"
"6541f2db-062d-4d83-920f-3a13b65fbcc6","***","2026-09-23T00:46:43.646Z","393","Warrant","Na","Wanted Person (Arrest Warrant/Fugitive)"
"af8a5248-8b35-4b30-986f-a83716b13c1f","***","2026-09-23T00:59:59.673Z","403","Checking the welfare","cfs-2026-080646","Welfare Check"
"4283870a-fc4e-4117-9c14-9c704e6ddba6","***","2026-09-23T01:00:08.374Z","403","Checking the welfare","cfs-2026-080646","Welfare Check"
"8f80d220-43ff-4fe8-85e1-d315892a0a42","***","2026-09-23T01:43:21.204Z","2","suspect","26-009942","Larceny/Theft Offenses"
"15e5b1d0-9af6-4323-bd1a-141f06cfbce1","***","2026-09-23T01:45:55.272Z","404","suspect","26-010246","Hit and Run/Car Accident"
"853d5f80-2b4f-40be-a33d-848515fe9aa2","***","2026-09-23T04:19:48.183Z","393","Warrant","Na","Wanted Person (Arrest Warrant/Fugitive)"
"1658e322-b87d-426b-b4b7-ec6d4c700be0","***","2026-09-23T05:06:19.293Z","393","Warrants","Unk","Wanted Person (Arrest Warrant/Fugitive)"
"04597370-d717-4246-b769-ea5d0185b8fe","***","2026-09-23T06:20:43.419Z","404","suspect","26-010246","Hit and Run/Car Accident"
"ff342833-0c01-4ad6-b04a-38189f738f36","***","2026-09-23T07:17:13.323Z","393","Warrant","Na","Wanted Person (Arrest Warrant/Fugitive)"
"d158bbb0-34e9-485a-913a-232f3d774c25","***","2026-09-23T13:23:04.276Z","2","200","none","Drugs/Narcotics"
"65609779-07ae-4562-8213-827203602201","***","2026-09-23T13:52:26.985Z","404","drug investigation","8934","Drugs/Narcotics"
"eb2d4e59-99a6-4898-bbdc-c486ff547537","***","2026-09-23T14:00:38.267Z","1","200","none","Drugs/Narcotics"
"aaef3a25-ee36-4bae-862c-c1e65d39891d","***","2026-09-23T14:10:42.784Z","404","drug investigation","8934","Drugs/Narcotics"
"e71f320f-4faf-477d-a334-3fcb2f3a1ae9","***","2026-09-23T14:45:50.179Z","2","VICTIM","26-010251","Financial Crime (Embezzlement/Fraud)"
"96684a98-b1a9-4454-828f-95bb4ea85b7c","***","2026-09-23T15:18:33.089Z","404","drug investigation","8934","Drugs/Narcotics"
"5ee768c0-014a-4ee3-b3fc-0f6411dd4f0c","***","2026-09-23T15:19:32.481Z","405","stolen","26-009268","Motor Vehicle Theft/Stolen"
"86492a89-59d4-4e11-b111-453373cbbe96","***","2026-09-23T18:05:12.860Z","393","Wanted","1","Wanted Person (Arrest Warrant/Fugitive)"
"77cd1005-1a0d-4c21-a7fb-4a275cb4c991","***","2026-09-23T19:00:33.206Z","2","suspect","26-010251","Financial Crime (Embezzlement/Fraud)"
"69939462-0a91-4b15-a22f-0f09d9fb2bd3","***","2026-09-23T20:14:02.685Z","2","Investigation","cbv26-010278","Drugs/Narcotics"
"16fe1211-66d6-462c-919b-15692ab6d111","***","2026-09-23T21:59:16.024Z","405","suspect vehicle","26-010099","Burglary/Breaking & Entering"
"a79f42f8-486f-42ad-babd-d8b0bee7c96c","***","2026-09-23T22:06:38.838Z","404","suspect vehicle","26-010268","Hit and Run/Car Accident"